{"cameraMode":{"drawMode":0,"name":"Shaded","section":"Shading Mode"},"sceneLighting":true,"audioPlay":false,"sceneViewState":{"showFog":false,"showMaterialUpdate":false,"showSkybox":false,"showFlares":false,"showImageEffects":false,"showParticleSystems":false},"in2DMode":false,"pivot":{"x":14.853076934814454,"y":0.10748863220214844,"z":21.90767478942871},"rotation":{"x":-0.12247820198535919,"y":0.8762525320053101,"z":-0.30338212847709658,"w":-0.3537512719631195},"size":126.09255981445313,"orthographic":false}